{"cameraMode":{"drawMode":0,"name":"Shaded","section":"Shading Mode"},"sceneLighting":true,"audioPlay":false,"sceneViewState":{"m_AlwaysRefresh":false,"showFog":true,"showSkybox":true,"showFlares":true,"showImageEffects":true,"showParticleSystems":true,"showVisualEffectGraphs":true,"m_FxEnabled":true},"in2DMode":false,"pivot":{"x":-981.5147094726563,"y":-2289.461181640625,"z":51.052513122558597},"rotation":{"x":-0.019603701308369638,"y":0.7237875461578369,"z":-0.020669545978307725,"w":-0.6894774436950684},"size":150.81100463867188,"orthographic":false}