{"cameraMode":{"drawMode":0,"name":"Shaded","section":"Shading Mode"},"sceneLighting":true,"audioPlay":false,"sceneViewState":{"m_AlwaysRefresh":false,"showFog":true,"showSkybox":true,"showFlares":true,"showImageEffects":true,"showParticleSystems":true,"showVisualEffectGraphs":true,"m_FxEnabled":true},"in2DMode":false,"pivot":{"x":44.060001373291019,"y":20.940441131591798,"z":13.950000762939454},"rotation":{"x":0.01329452358186245,"y":0.7105793952941895,"z":-0.013429706916213036,"w":0.7033649682998657},"size":0.9323968291282654,"orthographic":false}